Is Using BlackBerry Away From Work Overtime?, e1ven, 0, 1, Sat Aug 14 06:34:09 BST 2010, 
How a 16-yo Kid Made His First Million Dollars Following His Hero  Steve Jobs, stretchwithme, 0, 1, Sat Aug 14 06:33:09 BST 2010, 
50 Viral Images The Web Shared In 2010, olefoo, 0, 1, Sat Aug 14 06:34:09 BST 2010, 
How to get a Pilot's License in (just about) a week, joshwa, 0, 1, Sat Aug 14 06:34:09 BST 2010, 
Google Briefly Punishes Oracle by Removal from Google Search , dnene, 0, 1, Sat Aug 14 06:34:09 BST 2010, 
Study: A Look At Hard Drive Reliability In Russia, e1ven, 0, 1, Sat Aug 14 06:34:09 BST 2010, 
Brian Kernighan: What would Orwell do?, helwr, 0, 1, Sat Aug 14 06:34:09 BST 2010, 
Render Any HTML5 Video in ASCII, tzury, 0, 1, Sat Aug 14 06:34:09 BST 2010, 
How the No-Glasses-Required 3d on the Nintendo 3DS works, e1ven, 0, 1, Sat Aug 14 06:34:09 BST 2010, 
The Mystery of Steve Jobs’ Plateless Benz, jaybol, 0, 1, Sat Aug 14 05:34:09 BST 2010, 
SISAL: A Safe and Efficient Language for Numerical Calculations, helwr, 0, 1, Sat Aug 14 05:34:09 BST 2010, 
How to cheat on online programming tests, kranner, 0, 1, Sat Aug 14 05:34:09 BST 2010, 
Words (Radiolab Episode), ugh, 0, 1, Sat Aug 14 05:34:09 BST 2010, 
10 Things CEOs Need to Know About Design, sthomps, 0, 1, Sat Aug 14 05:34:09 BST 2010, 
Ask HN:Royalty free iPhone/iPad Flight Control-like game source for $100 USD., inodeman, 0, 2, Sat Aug 14 05:34:09 BST 2010, 
 Civility  Neutrality  and Google, wglb, 0, 2, Sat Aug 14 05:34:09 BST 2010, 
TechCrunch: 360 viewers for Facebook Live?, wolfrom, 1 , 1, Sat Aug 14 05:34:09 BST 2010, 
How Funware Revolutionizes the Business, vyrotek, 1 , 2, Sat Aug 14 05:34:09 BST 2010, 
Daylight saving time and Timezone best practices, bluesmoon, 0, 1, Sat Aug 14 05:34:09 BST 2010, 
E=mc2 is a Liberal Conspiracy Against Jesus, JacobAldridge, 0, 1, Sat Aug 14 05:34:09 BST 2010, 
Initial Thoughts on Oracle vs Google Patent Lawsuit - Miguel de Icaza, woan, 0, 1, Sat Aug 14 06:34:09 BST 2010, 
GTUG Campout: Silicon Valley (live wave), ndimopoulos, 0, 1, Sat Aug 14 06:34:09 BST 2010, 
Modified Google Analytics XSS, holdenc, 1 , 5, Sat Aug 14 06:34:09 BST 2010, 
Why Waiting Until A New Business Model Is Proven Doesn't Work, yanw, 0, 3, Sat Aug 14 06:34:09 BST 2010, 
Grep through memcached, storborg, 1 , 2, Sat Aug 14 06:34:09 BST 2010, 
Secrets Of Superstar Programmer Productivity: Habit [video], dmoney, 0, 2, Sat Aug 14 06:34:09 BST 2010, 
Twitter Basic Auth to end in 3 days. R U ready?, perivision, 0, 1, Sat Aug 14 06:34:09 BST 2010, 
Reset Windows Passwords with Sticky Keys, TGJ, 0, 2, Sat Aug 14 06:34:09 BST 2010, 
Editorial - The Google/Verizon Payment Plan, donohoe, 0, 1, Sat Aug 14 06:34:09 BST 2010, 
Why robots don't dance, dmoney, 0, 2, Sat Aug 14 06:34:09 BST 2010, 
Capital Factory Demo Day 2010 is on September 8  2010., gdltec, 0, 1, Sat Aug 14 06:37:45 BST 2010
Is Using BlackBerry Away From Work Overtime?, e1ven, 0, 1, Sat Aug 14 06:37:45 BST 2010
How a 16-yo Kid Made His First Million Dollars Following His Hero  Steve Jobs, stretchwithme, 0, 1, Sat Aug 14 06:37:45 BST 2010
50 Viral Images The Web Shared In 2010, olefoo, 0, 1, Sat Aug 14 06:37:45 BST 2010
How to get a Pilot's License in (just about) a week, joshwa, 0, 2, Sat Aug 14 06:37:45 BST 2010
Google Briefly Punishes Oracle by Removal from Google Search , dnene, 0, 1, Sat Aug 14 06:37:45 BST 2010
Study: A Look At Hard Drive Reliability In Russia, e1ven, 0, 1, Sat Aug 14 06:37:45 BST 2010
Brian Kernighan: What would Orwell do?, helwr, 0, 1, Sat Aug 14 06:37:45 BST 2010
Render Any HTML5 Video in ASCII, tzury, 0, 1, Sat Aug 14 06:37:45 BST 2010
How the No-Glasses-Required 3d on the Nintendo 3DS works, e1ven, 0, 1, Sat Aug 14 06:37:45 BST 2010
The Mystery of Steve Jobs’ Plateless Benz, jaybol, 0, 1, Sat Aug 14 05:37:45 BST 2010
SISAL: A Safe and Efficient Language for Numerical Calculations, helwr, 0, 1, Sat Aug 14 05:37:45 BST 2010
How to cheat on online programming tests, kranner, 0, 1, Sat Aug 14 05:37:45 BST 2010
Words (Radiolab Episode), ugh, 0, 1, Sat Aug 14 05:37:45 BST 2010
10 Things CEOs Need to Know About Design, sthomps, 0, 1, Sat Aug 14 05:37:45 BST 2010
Ask HN:Royalty free iPhone/iPad Flight Control-like game source for $100 USD., inodeman, 0, 2, Sat Aug 14 05:37:45 BST 2010
 Civility  Neutrality  and Google, wglb, 0, 2, Sat Aug 14 05:37:45 BST 2010
TechCrunch: 360 viewers for Facebook Live?, wolfrom, 1 , 1, Sat Aug 14 05:37:45 BST 2010
How Funware Revolutionizes the Business, vyrotek, 1 , 2, Sat Aug 14 05:37:45 BST 2010
Daylight saving time and Timezone best practices, bluesmoon, 0, 1, Sat Aug 14 05:37:45 BST 2010
E=mc2 is a Liberal Conspiracy Against Jesus, JacobAldridge, 0, 1, Sat Aug 14 05:37:45 BST 2010
Initial Thoughts on Oracle vs Google Patent Lawsuit - Miguel de Icaza, woan, 0, 1, Sat Aug 14 06:37:45 BST 2010
GTUG Campout: Silicon Valley (live wave), ndimopoulos, 0, 1, Sat Aug 14 06:37:45 BST 2010
Modified Google Analytics XSS, holdenc, 1 , 5, Sat Aug 14 06:37:45 BST 2010
Why Waiting Until A New Business Model Is Proven Doesn't Work, yanw, 0, 3, Sat Aug 14 06:37:45 BST 2010
Grep through memcached, storborg, 1 , 2, Sat Aug 14 06:37:45 BST 2010
Secrets Of Superstar Programmer Productivity: Habit [video], dmoney, 0, 2, Sat Aug 14 06:37:45 BST 2010
Twitter Basic Auth to end in 3 days. R U ready?, perivision, 0, 1, Sat Aug 14 06:37:45 BST 2010
Reset Windows Passwords with Sticky Keys, TGJ, 0, 2, Sat Aug 14 06:37:45 BST 2010
Editorial - The Google/Verizon Payment Plan, donohoe, 0, 1, Sat Aug 14 06:37:45 BST 2010
Capital Factory Demo Day 2010 is on September 8  2010., gdltec, 0, 1, Sat Aug 14 06:38:48 BST 2010
Is Using BlackBerry Away From Work Overtime?, e1ven, 0, 1, Sat Aug 14 06:38:48 BST 2010
How a 16-yo Kid Made His First Million Dollars Following His Hero  Steve Jobs, stretchwithme, 0, 1, Sat Aug 14 06:38:48 BST 2010
50 Viral Images The Web Shared In 2010, olefoo, 0, 1, Sat Aug 14 06:38:48 BST 2010
How to get a Pilot's License in (just about) a week, joshwa, 0, 2, Sat Aug 14 06:38:48 BST 2010
Google Briefly Punishes Oracle by Removal from Google Search , dnene, 0, 1, Sat Aug 14 06:38:48 BST 2010
Study: A Look At Hard Drive Reliability In Russia, e1ven, 0, 1, Sat Aug 14 06:38:48 BST 2010
Brian Kernighan: What would Orwell do?, helwr, 0, 1, Sat Aug 14 06:38:48 BST 2010
Render Any HTML5 Video in ASCII, tzury, 0, 1, Sat Aug 14 06:38:48 BST 2010
How the No-Glasses-Required 3d on the Nintendo 3DS works, e1ven, 0, 1, Sat Aug 14 06:38:48 BST 2010
The Mystery of Steve Jobs’ Plateless Benz, jaybol, 0, 1, Sat Aug 14 05:38:48 BST 2010
SISAL: A Safe and Efficient Language for Numerical Calculations, helwr, 0, 1, Sat Aug 14 05:38:48 BST 2010
How to cheat on online programming tests, kranner, 0, 1, Sat Aug 14 05:38:48 BST 2010
Words (Radiolab Episode), ugh, 0, 1, Sat Aug 14 05:38:48 BST 2010
10 Things CEOs Need to Know About Design, sthomps, 0, 1, Sat Aug 14 05:38:48 BST 2010
Ask HN:Royalty free iPhone/iPad Flight Control-like game source for $100 USD., inodeman, 0, 2, Sat Aug 14 05:38:48 BST 2010
 Civility  Neutrality  and Google, wglb, 0, 2, Sat Aug 14 05:38:48 BST 2010
TechCrunch: 360 viewers for Facebook Live?, wolfrom, 1 , 1, Sat Aug 14 05:38:48 BST 2010
How Funware Revolutionizes the Business, vyrotek, 1 , 2, Sat Aug 14 05:38:48 BST 2010
Daylight saving time and Timezone best practices, bluesmoon, 0, 1, Sat Aug 14 05:38:48 BST 2010
E=mc2 is a Liberal Conspiracy Against Jesus, JacobAldridge, 0, 1, Sat Aug 14 05:38:48 BST 2010
Initial Thoughts on Oracle vs Google Patent Lawsuit - Miguel de Icaza, woan, 0, 1, Sat Aug 14 06:38:48 BST 2010
GTUG Campout: Silicon Valley (live wave), ndimopoulos, 0, 1, Sat Aug 14 06:38:48 BST 2010
Modified Google Analytics XSS, holdenc, 1 , 5, Sat Aug 14 06:38:48 BST 2010
Why Waiting Until A New Business Model Is Proven Doesn't Work, yanw, 0, 3, Sat Aug 14 06:38:48 BST 2010
Grep through memcached, storborg, 1 , 2, Sat Aug 14 06:38:48 BST 2010
Secrets Of Superstar Programmer Productivity: Habit [video], dmoney, 0, 2, Sat Aug 14 06:38:48 BST 2010
Twitter Basic Auth to end in 3 days. R U ready?, perivision, 0, 1, Sat Aug 14 06:38:48 BST 2010
Reset Windows Passwords with Sticky Keys, TGJ, 0, 2, Sat Aug 14 06:38:48 BST 2010
Editorial - The Google/Verizon Payment Plan, donohoe, 0, 1, Sat Aug 14 06:38:48 BST 2010
